trajectory_id,cumulative_detection_prob,avg_detection_per_second,time_in_observable,time_in_nonobservable,sliding_window_5s_min,sliding_window_5s_max,sliding_window_5s_mean,sliding_window_10s_min,sliding_window_10s_max,sliding_window_10s_mean,sliding_window_15s_min,sliding_window_15s_max,sliding_window_15s_mean,sliding_window_30s_min,sliding_window_30s_max,sliding_window_30s_mean,sliding_window_60s_min,sliding_window_60s_max,sliding_window_60s_mean
0,0.0,0.519893899204244,196.0,181.0,0.0,1.0,0.546916890080429,0.0,1.0,0.5679347826086957,0.0,1.0,0.5895316804407713,0.0,1.0,0.6580459770114943,0.0,1.0,0.8144654088050315
1,0.0,0.5131964809384164,175.0,166.0,0.0,1.0,0.543026706231454,0.0,1.0,0.5662650602409639,0.0,1.0,0.5902140672782875,0.0,1.0,0.6666666666666666,0.0,1.0,0.8439716312056738
2,0.0,0.5267605633802817,187.0,168.0,0.0,1.0,0.5470085470085471,0.0,1.0,0.569364161849711,0.0,1.0,0.592375366568915,0.0,1.0,0.6656441717791411,0.0,1.0,0.8344594594594594
3,0.0,0.47863247863247865,168.0,183.0,0.0,1.0,0.5072046109510087,0.0,1.0,0.5292397660818714,0.0,1.0,0.5519287833827893,0.0,1.0,0.6242236024844721,0.0,1.0,0.791095890410959
MEAN,0.0,0.5096208555388552,181.5,174.5,0.0,1.0,0.5360391885678597,0.0,1.0,0.5582009426953105,0.0,1.0,0.5810124744176908,0.0,1.0,0.6536451044854434,0.0,1.0,0.820998097470281
