trajectory_id,cumulative_detection_prob,avg_detection_per_second,time_in_observable,time_in_nonobservable,sliding_window_5s_min,sliding_window_5s_max,sliding_window_5s_mean,sliding_window_10s_min,sliding_window_10s_max,sliding_window_10s_mean,sliding_window_15s_min,sliding_window_15s_max,sliding_window_15s_mean,sliding_window_30s_min,sliding_window_30s_max,sliding_window_30s_mean,sliding_window_60s_min,sliding_window_60s_max,sliding_window_60s_mean
0,0.0,0.5131578947368421,195.0,185.0,0.0,1.0,0.5398936170212766,0.0,1.0,0.5606469002695418,0.0,1.0,0.5819672131147541,0.0,1.0,0.6495726495726496,0.0,1.0,0.8037383177570093
1,0.0,0.5145348837209303,177.0,167.0,0.0,1.0,0.5441176470588235,0.0,1.0,0.5671641791044776,0.0,1.0,0.5909090909090909,0.0,1.0,0.6666666666666666,0.0,1.0,0.8421052631578947
2,0.0,0.5183098591549296,184.0,171.0,0.0,1.0,0.5413105413105413,0.0,1.0,0.5635838150289018,0.0,1.0,0.5865102639296188,0.0,1.0,0.6595092024539877,0.0,1.0,0.8277027027027027
3,0.0,0.48441926345609065,171.0,182.0,0.0,1.0,0.5100286532951289,0.0,1.0,0.5319767441860465,0.0,1.0,0.5545722713864307,0.0,1.0,0.6265432098765432,0.0,1.0,0.7925170068027211
MEAN,0.0,0.5076054752671981,181.75,176.25,0.0,1.0,0.5338376146714425,0.0,1.0,0.5558429096472418,0.0,1.0,0.5784897098349737,0.0,1.0,0.6505729321424618,0.0,1.0,0.8165158226050819
