trajectory_id,cumulative_detection_prob,avg_detection_per_second,time_in_observable,time_in_nonobservable,sliding_window_5s_min,sliding_window_5s_max,sliding_window_5s_mean,sliding_window_10s_min,sliding_window_10s_max,sliding_window_10s_mean,sliding_window_15s_min,sliding_window_15s_max,sliding_window_15s_mean,sliding_window_30s_min,sliding_window_30s_max,sliding_window_30s_mean,sliding_window_60s_min,sliding_window_60s_max,sliding_window_60s_mean
0,1.0,0.378225496328479,196.0,181.0,0.0,0.9999999999960619,0.5801765274219071,0.0,1.0,0.78829816650435,0.0,1.0,0.9247698499819028,0.9999999984979838,1.0,0.9999999998603197,1.0,1.0,1.0
1,1.0,0.3539085519434082,175.0,166.0,0.0,0.9999999999958594,0.5465959028525985,0.0,1.0,0.7328277187807026,0.0,1.0,0.8631359625612232,0.0,1.0,0.9897737017540181,1.0,1.0,1.0
2,1.0,0.35653846468248923,187.0,168.0,0.0,0.9999999999943456,0.5358832908691906,0.0,1.0,0.728017480796998,0.0,1.0,0.8403009266544983,0.0,1.0,0.981010047657816,1.0,1.0,1.0
3,1.0,0.27953263471385204,168.0,183.0,0.0,0.9999999999960035,0.42301570532320154,0.0,1.0,0.5573478872260428,0.0,1.0,0.6605642829699135,0.0,1.0,0.8501131147076761,1.0,1.0,1.0
MEAN,1.0,0.3420512869170571,181.5,174.5,0.0,0.9999999999955677,0.5214178566167245,0.0,1.0,0.7016228133270234,0.0,1.0,0.8221927555418845,0.24999999962449596,1.0,0.9552242159949574,1.0,1.0,1.0
