trajectory_id,cumulative_detection_prob,avg_detection_per_second,time_in_observable,time_in_nonobservable,sliding_window_5s_min,sliding_window_5s_max,sliding_window_5s_mean,sliding_window_10s_min,sliding_window_10s_max,sliding_window_10s_mean,sliding_window_15s_min,sliding_window_15s_max,sliding_window_15s_mean,sliding_window_30s_min,sliding_window_30s_max,sliding_window_30s_mean,sliding_window_60s_min,sliding_window_60s_max,sliding_window_60s_mean
0,1.0,0.4973952536713928,195.0,185.0,0.0,0.9999999999358161,0.7899750191473157,0.0,0.9999999999999992,0.8637936442487466,0.0,1.0,0.9205887490050608,0.99962580625764,1.0,0.9999967302274018,1.0,1.0,1.0
1,1.0,0.3982842492314579,177.0,167.0,0.0,0.9999999999623578,0.7155333764127311,0.0,0.9999999999999994,0.8389778064724372,0.0,1.0,0.9130990581882918,0.999468736310392,1.0,0.9999945208950178,1.0,1.0,1.0
2,1.0,0.45176224679585875,184.0,171.0,0.0,0.9999999999029652,0.7359241000965138,0.0,0.9999999999999986,0.8336512211753203,0.0,1.0,0.9009025029843738,0.9997727959961347,1.0,0.9999978528290046,1.0,1.0,1.0
3,1.0,0.43723860329906167,171.0,182.0,0.0,0.9999999999773191,0.7535558500699853,0.0,0.9999999999999992,0.8538280302604521,0.0,1.0,0.9153236764830333,0.9988481790103955,1.0,0.9999893658590678,1.0,1.0,1.0
MEAN,1.0,0.44617008824944276,181.75,176.25,0.0,0.9999999999446145,0.7487470864316366,0.0,0.9999999999999991,0.847562675539239,0.0,1.0,0.91247849666519,0.9994288793936406,1.0,0.999994617452623,1.0,1.0,1.0
