trajectory_id,cumulative_detection_prob,avg_detection_per_second,time_in_observable,time_in_nonobservable,sliding_window_5s_min,sliding_window_5s_max,sliding_window_5s_mean,sliding_window_10s_min,sliding_window_10s_max,sliding_window_10s_mean,sliding_window_15s_min,sliding_window_15s_max,sliding_window_15s_mean,sliding_window_30s_min,sliding_window_30s_max,sliding_window_30s_mean,sliding_window_60s_min,sliding_window_60s_max,sliding_window_60s_mean
0,1.0,0.7014822674680495,196.0,181.0,0.0,1.0,0.8097850754270839,0.0,1.0,0.9085310012885642,0.0,1.0,0.9691204067418829,0.9999999984979838,1.0,0.9999999999522359,1.0,1.0,1.0
1,1.0,0.6854804094504567,175.0,166.0,0.0,1.0,0.7928064363183982,0.0,1.0,0.8841180467000638,0.0,1.0,0.9439150427620914,0.0,1.0,0.996591233918006,1.0,1.0,1.0
2,1.0,0.6954886255398822,187.0,168.0,0.0,1.0,0.7897590975732232,0.0,1.0,0.8828745798807882,0.0,1.0,0.9349027237682558,0.0,1.0,0.9936505987567544,1.0,1.0,1.0
3,1.0,0.6243717155345724,168.0,183.0,0.0,1.0,0.7156648000295892,0.0,1.0,0.7916169878461781,0.0,1.0,0.8479086253069938,0.0,1.0,0.9436760462100273,1.0,1.0,1.0
MEAN,1.0,0.6767057544982402,181.5,174.5,0.0,1.0,0.7770038523370736,0.0,1.0,0.8667851539288985,0.0,1.0,0.9239616996448059,0.24999999962449596,1.0,0.9834794697092559,1.0,1.0,1.0
