trajectory_id,cumulative_detection_prob,avg_detection_per_second,time_in_observable,time_in_nonobservable,sliding_window_5s_min,sliding_window_5s_max,sliding_window_5s_mean,sliding_window_10s_min,sliding_window_10s_max,sliding_window_10s_mean,sliding_window_15s_min,sliding_window_15s_max,sliding_window_15s_mean,sliding_window_30s_min,sliding_window_30s_max,sliding_window_30s_mean,sliding_window_60s_min,sliding_window_60s_max,sliding_window_60s_mean
0,1.0,0.7553108471821255,195.0,185.0,0.0,1.0,0.9033661657246959,0.0,1.0,0.9401573153976974,0.0,1.0,0.9668034934365418,0.99962580625764,1.0,0.9999988541822519,1.0,1.0,1.0
1,1.0,0.707887993086202,177.0,167.0,0.0,1.0,0.8703166863058039,0.0,1.0,0.9303038266820998,0.0,1.0,0.9644496147133921,0.999468736310392,1.0,0.9999981736316726,1.0,1.0,1.0
2,1.0,0.7359192794425122,184.0,171.0,0.0,1.0,0.8788711684203382,0.0,1.0,0.9274027005707323,0.0,1.0,0.9590242021137733,0.9997727959961347,1.0,0.9999992689080353,1.0,1.0,1.0
3,1.0,0.7098510645904511,171.0,182.0,0.0,1.0,0.8792494279712535,0.0,1.0,0.9315881188137581,0.0,1.0,0.9622828175484898,0.9988481790103955,1.0,0.9999960286078617,1.0,1.0,1.0
MEAN,1.0,0.7272422960753228,181.75,176.25,0.0,1.0,0.8829508621055229,0.0,1.0,0.9323629903660718,0.0,1.0,0.9631400319530492,0.9994288793936406,1.0,0.9999980813324554,1.0,1.0,1.0
