n_detectors,optimization_time_seconds,mean_cumulative_detection_prob,mean_avg_detection_per_second,mean_time_in_observable,mean_time_in_nonobservable,mean_sliding_window_5s_min,mean_sliding_window_5s_max,mean_sliding_window_5s_mean,mean_sliding_window_10s_min,mean_sliding_window_10s_max,mean_sliding_window_10s_mean,mean_sliding_window_15s_min,mean_sliding_window_15s_max,mean_sliding_window_15s_mean,mean_sliding_window_30s_min,mean_sliding_window_30s_max,mean_sliding_window_30s_mean,mean_sliding_window_60s_min,mean_sliding_window_60s_max,mean_sliding_window_60s_mean,detector_mean_coverage,detector_min_coverage,detector_fraction_covered
15,134.35285711288452,0.9831798156800688,0.09722689237260054,411.85714285714283,245.66666666666666,0.0,0.940147406987147,0.20405431241692917,0.0,0.9692519646247566,0.2738417294196583,0.0,0.9799929122859729,0.3362323765081858,0.0,0.9829957484212024,0.5141470287425709,0.4046081669691245,0.9831795046368063,0.7836860881603162,0.0650486922252967,0.0,0.05349500713266762
20,158.3974220752716,0.89495414408548,0.09397579733836997,411.3333333333333,245.61904761904762,0.0,0.8767551043353863,0.21752607071917845,0.0,0.8889133991742981,0.30032159198063857,0.0,0.8936295528940343,0.37172488192887687,0.0,0.8949410795972378,0.5609463291690867,0.29288248105655273,0.8949411119114413,0.7590854435237134,0.08673158963372893,0.0,0.07132667617689016
25,178.24413633346558,0.9999999999998102,0.1482375075869408,411.7142857142857,246.0952380952381,0.0,0.9984860388246243,0.33550120401246947,0.0,0.9999376141239813,0.4651848953540788,0.0,0.999988433829156,0.574517892848669,0.13680148599828237,0.9999974474784811,0.7778598234841004,0.5278006864858291,0.9999999597090595,0.9086900917859622,0.10840969551567162,0.0,0.0891583452211127
30,201.53736019134521,0.9991097549266639,0.11958375675391297,412.2857142857143,245.76190476190476,0.0,0.9792578441012875,0.28874678772834494,0.0,0.9943484328422543,0.41126945919565056,0.0,0.9974436024775787,0.5158932915695656,0.1251146864848795,0.9986975969973363,0.7529895176495861,0.6806888088051641,0.9991097548597627,0.9459323985607805,0.13009376488903865,0.0,0.10699001426533523
